DLY-TMAX-NORMAL,STATION,STATION_NAME,ELEVATION,LATITUDE,LONGITUDE,DATE,DLY-TMIN-NORMAL,MTD-PRCP-NORMAL
145,GHCND:USC00327027,PETERSBURG 2 N ND US,466.3,48.0355,-98.01,20100101,-33,2
144,GHCND:USC00327027,PETERSBURG 2 N ND US,466.3,48.0355,-98.01,20100102,-35,4
143,GHCND:USC00327027,PETERSBURG 2 N ND US,466.3,48.0355,-98.01,20100103,-36,5
142,GHCND:USC00327027,PETERSBURG 2 N ND US,466.3,48.0355,-98.01,20100104,-38,7
141,GHCND:USC00327027,PETERSBURG 2 N ND US,466.3,48.0355,-98.01,20100105,-39,9
140,GHCND:USC00327027,PETERSBURG 2 N ND US,466.3,48.0355,-98.01,20100106,-41,10
140,GHCND:USC00327027,PETERSBURG 2 N ND US,466.3,48.0355,-98.01,20100107,-42,12
139,GHCND:USC00327027,PETERSBURG 2 N ND US,466.3,48.0355,-98.01,20100108,-43,13
139,GHCND:USC00327027,PETERSBURG 2 N ND US,466.3,48.0355,-98.01,20100109,-44,15
139,GHCND:USC00327027,PETERSBURG 2 N ND US,466.3,48.0355,-98.01,20100110,-45,17
138,GHCND:USC00327027,PETERSBURG 2 N ND US,466.3,48.0355,-98.01,20100111,-45,19
139,GHCND:USC00327027,PETERSBURG 2 N ND US,466.3,48.0355,-98.01,20100112,-46,21
139,GHCND:USC00327027,PETERSBURG 2 N ND US,466.3,48.0355,-98.01,20100113,-47,23
139,GHCND:USC00327027,PETERSBURG 2 N ND US,466.3,48.0355,-98.01,20100114,-47,25
140,GHCND:USC00327027,PETERSBURG 2 N ND US,466.3,48.0355,-98.01,20100115,-47,27
140,GHCND:USC00327027,PETERSBURG 2 N ND US,466.3,48.0355,-98.01,20100116,-47,30
141,GHCND:USC00327027,PETERSBURG 2 N ND US,466.3,48.0355,-98.01,20100117,-48,32
142,GHCND:USC00327027,PETERSBURG 2 N ND US,466.3,48.0355,-98.01,20100118,-48,34
143,GHCND:USC00327027,PETERSBURG 2 N ND US,466.3,48.0355,-98.01,20100119,-47,35
144,GHCND:USC00327027,PETERSBURG 2 N ND US,466.3,48.0355,-98.01,20100120,-47,37
145,GHCND:USC00327027,PETERSBURG 2 N ND US,466.3,48.0355,-98.01,20100121,-47,39
146,GHCND:USC00327027,PETERSBURG 2 N ND US,466.3,48.0355,-98.01,20100122,-46,41
148,GHCND:USC00327027,PETERSBURG 2 N ND US,466.3,48.0355,-98.01,20100123,-46,43
149,GHCND:USC00327027,PETERSBURG 2 N ND US,466.3,48.0355,-98.01,20100124,-45,44
151,GHCND:USC00327027,PETERSBURG 2 N ND US,466.3,48.0355,-98.01,20100125,-44,46
152,GHCND:USC00327027,PETERSBURG 2 N ND US,466.3,48.0355,-98.01,20100126,-43,47
154,GHCND:USC00327027,PETERSBURG 2 N ND US,466.3,48.0355,-98.01,20100127,-42,49
156,GHCND:USC00327027,PETERSBURG 2 N ND US,466.3,48.0355,-98.01,20100128,-41,50
158,GHCND:USC00327027,PETERSBURG 2 N ND US,466.3,48.0355,-98.01,20100129,-40,52
160,GHCND:USC00327027,PETERSBURG 2 N ND US,466.3,48.0355,-98.01,20100130,-38,54
162,GHCND:USC00327027,PETERSBURG 2 N ND US,466.3,48.0355,-98.01,20100131,-37,55
164,GHCND:USC00327027,PETERSBURG 2 N ND US,466.3,48.0355,-98.01,20100201,-35,1
166,GHCND:USC00327027,PETERSBURG 2 N ND US,466.3,48.0355,-98.01,20100202,-33,3
169,GHCND:USC00327027,PETERSBURG 2 N ND US,466.3,48.0355,-98.01,20100203,-31,4
171,GHCND:USC00327027,PETERSBURG 2 N ND US,466.3,48.0355,-98.01,20100204,-29,6
173,GHCND:USC00327027,PETERSBURG 2 N ND US,466.3,48.0355,-98.01,20100205,-27,7
176,GHCND:USC00327027,PETERSBURG 2 N ND US,466.3,48.0355,-98.01,20100206,-25,8
178,GHCND:USC00327027,PETERSBURG 2 N ND US,466.3,48.0355,-98.01,20100207,-22,10
181,GHCND:USC00327027,PETERSBURG 2 N ND US,466.3,48.0355,-98.01,20100208,-20,11
183,GHCND:USC00327027,PETERSBURG 2 N ND US,466.3,48.0355,-98.01,20100209,-17,12
186,GHCND:USC00327027,PETERSBURG 2 N ND US,466.3,48.0355,-98.01,20100210,-14,13
188,GHCND:USC00327027,PETERSBURG 2 N ND US,466.3,48.0355,-98.01,20100211,-11,15
191,GHCND:USC00327027,PETERSBURG 2 N ND US,466.3,48.0355,-98.01,20100212,-8,16
194,GHCND:USC00327027,PETERSBURG 2 N ND US,466.3,48.0355,-98.01,20100213,-5,18
196,GHCND:USC00327027,PETERSBURG 2 N ND US,466.3,48.0355,-98.01,20100214,-1,19
199,GHCND:USC00327027,PETERSBURG 2 N ND US,466.3,48.0355,-98.01,20100215,2,21
202,GHCND:USC00327027,PETERSBURG 2 N ND US,466.3,48.0355,-98.01,20100216,6,22
205,GHCND:USC00327027,PETERSBURG 2 N ND US,466.3,48.0355,-98.01,20100217,9,24
207,GHCND:USC00327027,PETERSBURG 2 N ND US,466.3,48.0355,-98.01,20100218,13,25
210,GHCND:USC00327027,PETERSBURG 2 N ND US,466.3,48.0355,-98.01,20100219,17,27
213,GHCND:USC00327027,PETERSBURG 2 N ND US,466.3,48.0355,-98.01,20100220,21,29
216,GHCND:USC00327027,PETERSBURG 2 N ND US,466.3,48.0355,-98.01,20100221,25,31
219,GHCND:USC00327027,PETERSBURG 2 N ND US,466.3,48.0355,-98.01,20100222,29,32
223,GHCND:USC00327027,PETERSBURG 2 N ND US,466.3,48.0355,-98.01,20100223,33,34
226,GHCND:USC00327027,PETERSBURG 2 N ND US,466.3,48.0355,-98.01,20100224,38,36
229,GHCND:USC00327027,PETERSBURG 2 N ND US,466.3,48.0355,-98.01,20100225,42,38
232,GHCND:USC00327027,PETERSBURG 2 N ND US,466.3,48.0355,-98.01,20100226,47,40
236,GHCND:USC00327027,PETERSBURG 2 N ND US,466.3,48.0355,-98.01,20100227,52,42
239,GHCND:USC00327027,PETERSBURG 2 N ND US,466.3,48.0355,-98.01,20100228,56,44
243,GHCND:USC00327027,PETERSBURG 2 N ND US,466.3,48.0355,-98.01,20100301,61,2
247,GHCND:USC00327027,PETERSBURG 2 N ND US,466.3,48.0355,-98.01,20100302,66,4
251,GHCND:USC00327027,PETERSBURG 2 N ND US,466.3,48.0355,-98.01,20100303,71,7
254,GHCND:USC00327027,PETERSBURG 2 N ND US,466.3,48.0355,-98.01,20100304,76,9
259,GHCND:USC00327027,PETERSBURG 2 N ND US,466.3,48.0355,-98.01,20100305,81,11
263,GHCND:USC00327027,PETERSBURG 2 N ND US,466.3,48.0355,-98.01,20100306,86,13
267,GHCND:USC00327027,PETERSBURG 2 N ND US,466.3,48.0355,-98.01,20100307,91,15
272,GHCND:USC00327027,PETERSBURG 2 N ND US,466.3,48.0355,-98.01,20100308,97,18
276,GHCND:USC00327027,PETERSBURG 2 N ND US,466.3,48.0355,-98.01,20100309,102,20
281,GHCND:USC00327027,PETERSBURG 2 N ND US,466.3,48.0355,-98.01,20100310,107,22
286,GHCND:USC00327027,PETERSBURG 2 N ND US,466.3,48.0355,-98.01,20100311,112,24
291,GHCND:USC00327027,PETERSBURG 2 N ND US,466.3,48.0355,-98.01,20100312,118,26
296,GHCND:USC00327027,PETERSBURG 2 N ND US,466.3,48.0355,-98.01,20100313,123,28
301,GHCND:USC00327027,PETERSBURG 2 N ND US,466.3,48.0355,-98.01,20100314,129,30
307,GHCND:USC00327027,PETERSBURG 2 N ND US,466.3,48.0355,-98.01,20100315,134,32
313,GHCND:USC00327027,PETERSBURG 2 N ND US,466.3,48.0355,-98.01,20100316,140,35
318,GHCND:USC00327027,PETERSBURG 2 N ND US,466.3,48.0355,-98.01,20100317,145,37
324,GHCND:USC00327027,PETERSBURG 2 N ND US,466.3,48.0355,-98.01,20100318,151,39
330,GHCND:USC00327027,PETERSBURG 2 N ND US,466.3,48.0355,-98.01,20100319,156,42
336,GHCND:USC00327027,PETERSBURG 2 N ND US,466.3,48.0355,-98.01,20100320,161,45
343,GHCND:USC00327027,PETERSBURG 2 N ND US,466.3,48.0355,-98.01,20100321,167,47
349,GHCND:USC00327027,PETERSBURG 2 N ND US,466.3,48.0355,-98.01,20100322,172,50
356,GHCND:USC00327027,PETERSBURG 2 N ND US,466.3,48.0355,-98.01,20100323,178,52
363,GHCND:USC00327027,PETERSBURG 2 N ND US,466.3,48.0355,-98.01,20100324,183,55
369,GHCND:USC00327027,PETERSBURG 2 N ND US,466.3,48.0355,-98.01,20100325,189,57
376,GHCND:USC00327027,PETERSBURG 2 N ND US,466.3,48.0355,-98.01,20100326,194,60
383,GHCND:USC00327027,PETERSBURG 2 N ND US,466.3,48.0355,-98.01,20100327,199,62
390,GHCND:USC00327027,PETERSBURG 2 N ND US,466.3,48.0355,-98.01,20100328,205,64
397,GHCND:USC00327027,PETERSBURG 2 N ND US,466.3,48.0355,-98.01,20100329,210,67
405,GHCND:USC00327027,PETERSBURG 2 N ND US,466.3,48.0355,-98.01,20100330,215,69
412,GHCND:USC00327027,PETERSBURG 2 N ND US,466.3,48.0355,-98.01,20100331,221,72
419,GHCND:USC00327027,PETERSBURG 2 N ND US,466.3,48.0355,-98.01,20100401,226,2
426,GHCND:USC00327027,PETERSBURG 2 N ND US,466.3,48.0355,-98.01,20100402,231,5
434,GHCND:USC00327027,PETERSBURG 2 N ND US,466.3,48.0355,-98.01,20100403,236,7
441,GHCND:USC00327027,PETERSBURG 2 N ND US,466.3,48.0355,-98.01,20100404,241,10
448,GHCND:USC00327027,PETERSBURG 2 N ND US,466.3,48.0355,-98.01,20100405,246,12
456,GHCND:USC00327027,PETERSBURG 2 N ND US,466.3,48.0355,-98.01,20100406,251,15
463,GHCND:USC00327027,PETERSBURG 2 N ND US,466.3,48.0355,-98.01,20100407,256,18
470,GHCND:USC00327027,PETERSBURG 2 N ND US,466.3,48.0355,-98.01,20100408,261,20
477,GHCND:USC00327027,PETERSBURG 2 N ND US,466.3,48.0355,-98.01,20100409,266,23
484,GHCND:USC00327027,PETERSBURG 2 N ND US,466.3,48.0355,-98.01,20100410,270,25
491,GHCND:USC00327027,PETERSBURG 2 N ND US,466.3,48.0355,-98.01,20100411,275,28
498,GHCND:USC00327027,PETERSBURG 2 N ND US,466.3,48.0355,-98.01,20100412,280,30
505,GHCND:USC00327027,PETERSBURG 2 N ND US,466.3,48.0355,-98.01,20100413,284,33
512,GHCND:USC00327027,PETERSBURG 2 N ND US,466.3,48.0355,-98.01,20100414,289,36
518,GHCND:USC00327027,PETERSBURG 2 N ND US,466.3,48.0355,-98.01,20100415,294,38
525,GHCND:USC00327027,PETERSBURG 2 N ND US,466.3,48.0355,-98.01,20100416,298,41
531,GHCND:USC00327027,PETERSBURG 2 N ND US,466.3,48.0355,-98.01,20100417,302,44
537,GHCND:USC00327027,PETERSBURG 2 N ND US,466.3,48.0355,-98.01,20100418,307,47
543,GHCND:USC00327027,PETERSBURG 2 N ND US,466.3,48.0355,-98.01,20100419,311,50
549,GHCND:USC00327027,PETERSBURG 2 N ND US,466.3,48.0355,-98.01,20100420,315,53
555,GHCND:USC00327027,PETERSBURG 2 N ND US,466.3,48.0355,-98.01,20100421,320,56
560,GHCND:USC00327027,PETERSBURG 2 N ND US,466.3,48.0355,-98.01,20100422,324,60
566,GHCND:USC00327027,PETERSBURG 2 N ND US,466.3,48.0355,-98.01,20100423,328,64
571,GHCND:USC00327027,PETERSBURG 2 N ND US,466.3,48.0355,-98.01,20100424,332,68
576,GHCND:USC00327027,PETERSBURG 2 N ND US,466.3,48.0355,-98.01,20100425,336,73
581,GHCND:USC00327027,PETERSBURG 2 N ND US,466.3,48.0355,-98.01,20100426,340,77
586,GHCND:USC00327027,PETERSBURG 2 N ND US,466.3,48.0355,-98.01,20100427,344,82
591,GHCND:USC00327027,PETERSBURG 2 N ND US,466.3,48.0355,-98.01,20100428,348,88
596,GHCND:USC00327027,PETERSBURG 2 N ND US,466.3,48.0355,-98.01,20100429,352,93
600,GHCND:USC00327027,PETERSBURG 2 N ND US,466.3,48.0355,-98.01,20100430,356,98
604,GHCND:USC00327027,PETERSBURG 2 N ND US,466.3,48.0355,-98.01,20100501,360,6
609,GHCND:USC00327027,PETERSBURG 2 N ND US,466.3,48.0355,-98.01,20100502,364,12
613,GHCND:USC00327027,PETERSBURG 2 N ND US,466.3,48.0355,-98.01,20100503,368,18
617,GHCND:USC00327027,PETERSBURG 2 N ND US,466.3,48.0355,-98.01,20100504,371,24
620,GHCND:USC00327027,PETERSBURG 2 N ND US,466.3,48.0355,-98.01,20100505,375,30
624,GHCND:USC00327027,PETERSBURG 2 N ND US,466.3,48.0355,-98.01,20100506,379,37
628,GHCND:USC00327027,PETERSBURG 2 N ND US,466.3,48.0355,-98.01,20100507,383,44
631,GHCND:USC00327027,PETERSBURG 2 N ND US,466.3,48.0355,-98.01,20100508,387,51
635,GHCND:USC00327027,PETERSBURG 2 N ND US,466.3,48.0355,-98.01,20100509,391,58
638,GHCND:USC00327027,PETERSBURG 2 N ND US,466.3,48.0355,-98.01,20100510,394,66
642,GHCND:USC00327027,PETERSBURG 2 N ND US,466.3,48.0355,-98.01,20100511,398,74
645,GHCND:USC00327027,PETERSBURG 2 N ND US,466.3,48.0355,-98.01,20100512,402,82
648,GHCND:USC00327027,PETERSBURG 2 N ND US,466.3,48.0355,-98.01,20100513,406,90
651,GHCND:USC00327027,PETERSBURG 2 N ND US,466.3,48.0355,-98.01,20100514,409,98
654,GHCND:USC00327027,PETERSBURG 2 N ND US,466.3,48.0355,-98.01,20100515,413,105
657,GHCND:USC00327027,PETERSBURG 2 N ND US,466.3,48.0355,-98.01,20100516,417,113
660,GHCND:USC00327027,PETERSBURG 2 N ND US,466.3,48.0355,-98.01,20100517,421,122
663,GHCND:USC00327027,PETERSBURG 2 N ND US,466.3,48.0355,-98.01,20100518,425,131
666,GHCND:USC00327027,PETERSBURG 2 N ND US,466.3,48.0355,-98.01,20100519,428,139
669,GHCND:USC00327027,PETERSBURG 2 N ND US,466.3,48.0355,-98.01,20100520,432,148
672,GHCND:USC00327027,PETERSBURG 2 N ND US,466.3,48.0355,-98.01,20100521,436,156
675,GHCND:USC00327027,PETERSBURG 2 N ND US,466.3,48.0355,-98.01,20100522,440,165
678,GHCND:USC00327027,PETERSBURG 2 N ND US,466.3,48.0355,-98.01,20100523,444,173
681,GHCND:USC00327027,PETERSBURG 2 N ND US,466.3,48.0355,-98.01,20100524,447,182
684,GHCND:USC00327027,PETERSBURG 2 N ND US,466.3,48.0355,-98.01,20100525,451,191
687,GHCND:USC00327027,PETERSBURG 2 N ND US,466.3,48.0355,-98.01,20100526,455,200
690,GHCND:USC00327027,PETERSBURG 2 N ND US,466.3,48.0355,-98.01,20100527,459,209
693,GHCND:USC00327027,PETERSBURG 2 N ND US,466.3,48.0355,-98.01,20100528,462,218
696,GHCND:USC00327027,PETERSBURG 2 N ND US,466.3,48.0355,-98.01,20100529,466,228
699,GHCND:USC00327027,PETERSBURG 2 N ND US,466.3,48.0355,-98.01,20100530,470,238
702,GHCND:USC00327027,PETERSBURG 2 N ND US,466.3,48.0355,-98.01,20100531,473,249
705,GHCND:USC00327027,PETERSBURG 2 N ND US,466.3,48.0355,-98.01,20100601,477,11
708,GHCND:USC00327027,PETERSBURG 2 N ND US,466.3,48.0355,-98.01,20100602,481,22
711,GHCND:USC00327027,PETERSBURG 2 N ND US,466.3,48.0355,-98.01,20100603,484,33
714,GHCND:USC00327027,PETERSBURG 2 N ND US,466.3,48.0355,-98.01,20100604,488,45
717,GHCND:USC00327027,PETERSBURG 2 N ND US,466.3,48.0355,-98.01,20100605,491,56
719,GHCND:USC00327027,PETERSBURG 2 N ND US,466.3,48.0355,-98.01,20100606,495,67
722,GHCND:USC00327027,PETERSBURG 2 N ND US,466.3,48.0355,-98.01,20100607,498,79
725,GHCND:USC00327027,PETERSBURG 2 N ND US,466.3,48.0355,-98.01,20100608,501,90
728,GHCND:USC00327027,PETERSBURG 2 N ND US,466.3,48.0355,-98.01,20100609,505,102
731,GHCND:USC00327027,PETERSBURG 2 N ND US,466.3,48.0355,-98.01,20100610,508,114
733,GHCND:USC00327027,PETERSBURG 2 N ND US,466.3,48.0355,-98.01,20100611,511,126
736,GHCND:USC00327027,PETERSBURG 2 N ND US,466.3,48.0355,-98.01,20100612,514,138
739,GHCND:USC00327027,PETERSBURG 2 N ND US,466.3,48.0355,-98.01,20100613,517,151
741,GHCND:USC00327027,PETERSBURG 2 N ND US,466.3,48.0355,-98.01,20100614,520,165
744,GHCND:USC00327027,PETERSBURG 2 N ND US,466.3,48.0355,-98.01,20100615,523,177
746,GHCND:USC00327027,PETERSBURG 2 N ND US,466.3,48.0355,-98.01,20100616,525,190
749,GHCND:USC00327027,PETERSBURG 2 N ND US,466.3,48.0355,-98.01,20100617,528,204
751,GHCND:USC00327027,PETERSBURG 2 N ND US,466.3,48.0355,-98.01,20100618,531,217
753,GHCND:USC00327027,PETERSBURG 2 N ND US,466.3,48.0355,-98.01,20100619,533,231
756,GHCND:USC00327027,PETERSBURG 2 N ND US,466.3,48.0355,-98.01,20100620,536,244
758,GHCND:USC00327027,PETERSBURG 2 N ND US,466.3,48.0355,-98.01,20100621,538,258
760,GHCND:USC00327027,PETERSBURG 2 N ND US,466.3,48.0355,-98.01,20100622,540,271
762,GHCND:USC00327027,PETERSBURG 2 N ND US,466.3,48.0355,-98.01,20100623,542,284
764,GHCND:USC00327027,PETERSBURG 2 N ND US,466.3,48.0355,-98.01,20100624,544,298
766,GHCND:USC00327027,PETERSBURG 2 N ND US,466.3,48.0355,-98.01,20100625,546,311
768,GHCND:USC00327027,PETERSBURG 2 N ND US,466.3,48.0355,-98.01,20100626,548,324
769,GHCND:USC00327027,PETERSBURG 2 N ND US,466.3,48.0355,-98.01,20100627,549,338
771,GHCND:USC00327027,PETERSBURG 2 N ND US,466.3,48.0355,-98.01,20100628,551,351
773,GHCND:USC00327027,PETERSBURG 2 N ND US,466.3,48.0355,-98.01,20100629,553,363
774,GHCND:USC00327027,PETERSBURG 2 N ND US,466.3,48.0355,-98.01,20100630,554,376
776,GHCND:USC00327027,PETERSBURG 2 N ND US,466.3,48.0355,-98.01,20100701,555,12
778,GHCND:USC00327027,PETERSBURG 2 N ND US,466.3,48.0355,-98.01,20100702,557,24
779,GHCND:USC00327027,PETERSBURG 2 N ND US,466.3,48.0355,-98.01,20100703,558,37
780,GHCND:USC00327027,PETERSBURG 2 N ND US,466.3,48.0355,-98.01,20100704,559,49
782,GHCND:USC00327027,PETERSBURG 2 N ND US,466.3,48.0355,-98.01,20100705,560,61
783,GHCND:USC00327027,PETERSBURG 2 N ND US,466.3,48.0355,-98.01,20100706,561,73
784,GHCND:USC00327027,PETERSBURG 2 N ND US,466.3,48.0355,-98.01,20100707,562,85
786,GHCND:USC00327027,PETERSBURG 2 N ND US,466.3,48.0355,-98.01,20100708,562,97
787,GHCND:USC00327027,PETERSBURG 2 N ND US,466.3,48.0355,-98.01,20100709,563,109
788,GHCND:USC00327027,PETERSBURG 2 N ND US,466.3,48.0355,-98.01,20100710,564,121
789,GHCND:USC00327027,PETERSBURG 2 N ND US,466.3,48.0355,-98.01,20100711,564,131
790,GHCND:USC00327027,PETERSBURG 2 N ND US,466.3,48.0355,-98.01,20100712,565,142
791,GHCND:USC00327027,PETERSBURG 2 N ND US,466.3,48.0355,-98.01,20100713,565,153
792,GHCND:USC00327027,PETERSBURG 2 N ND US,466.3,48.0355,-98.01,20100714,566,163
793,GHCND:USC00327027,PETERSBURG 2 N ND US,466.3,48.0355,-98.01,20100715,566,174
794,GHCND:USC00327027,PETERSBURG 2 N ND US,466.3,48.0355,-98.01,20100716,566,184
795,GHCND:USC00327027,PETERSBURG 2 N ND US,466.3,48.0355,-98.01,20100717,566,194
796,GHCND:USC00327027,PETERSBURG 2 N ND US,466.3,48.0355,-98.01,20100718,567,203
797,GHCND:USC00327027,PETERSBURG 2 N ND US,466.3,48.0355,-98.01,20100719,567,213
798,GHCND:USC00327027,PETERSBURG 2 N ND US,466.3,48.0355,-98.01,20100720,567,223
799,GHCND:USC00327027,PETERSBURG 2 N ND US,466.3,48.0355,-98.01,20100721,567,233
800,GHCND:USC00327027,PETERSBURG 2 N ND US,466.3,48.0355,-98.01,20100722,567,243
800,GHCND:USC00327027,PETERSBURG 2 N ND US,466.3,48.0355,-98.01,20100723,567,252
801,GHCND:USC00327027,PETERSBURG 2 N ND US,466.3,48.0355,-98.01,20100724,567,261
802,GHCND:USC00327027,PETERSBURG 2 N ND US,466.3,48.0355,-98.01,20100725,566,270
802,GHCND:USC00327027,PETERSBURG 2 N ND US,466.3,48.0355,-98.01,20100726,566,279
803,GHCND:USC00327027,PETERSBURG 2 N ND US,466.3,48.0355,-98.01,20100727,566,287
803,GHCND:USC00327027,PETERSBURG 2 N ND US,466.3,48.0355,-98.01,20100728,566,296
804,GHCND:USC00327027,PETERSBURG 2 N ND US,466.3,48.0355,-98.01,20100729,565,304
804,GHCND:USC00327027,PETERSBURG 2 N ND US,466.3,48.0355,-98.01,20100730,565,313
805,GHCND:USC00327027,PETERSBURG 2 N ND US,466.3,48.0355,-98.01,20100731,564,322
805,GHCND:USC00327027,PETERSBURG 2 N ND US,466.3,48.0355,-98.01,20100801,564,9
805,GHCND:USC00327027,PETERSBURG 2 N ND US,466.3,48.0355,-98.01,20100802,563,18
805,GHCND:USC00327027,PETERSBURG 2 N ND US,466.3,48.0355,-98.01,20100803,563,27
805,GHCND:USC00327027,PETERSBURG 2 N ND US,466.3,48.0355,-98.01,20100804,562,36
805,GHCND:USC00327027,PETERSBURG 2 N ND US,466.3,48.0355,-98.01,20100805,561,45
804,GHCND:USC00327027,PETERSBURG 2 N ND US,466.3,48.0355,-98.01,20100806,560,53
804,GHCND:USC00327027,PETERSBURG 2 N ND US,466.3,48.0355,-98.01,20100807,559,62
804,GHCND:USC00327027,PETERSBURG 2 N ND US,466.3,48.0355,-98.01,20100808,558,70
803,GHCND:USC00327027,PETERSBURG 2 N ND US,466.3,48.0355,-98.01,20100809,557,79
802,GHCND:USC00327027,PETERSBURG 2 N ND US,466.3,48.0355,-98.01,20100810,556,88
801,GHCND:USC00327027,PETERSBURG 2 N ND US,466.3,48.0355,-98.01,20100811,555,98
800,GHCND:USC00327027,PETERSBURG 2 N ND US,466.3,48.0355,-98.01,20100812,553,107
799,GHCND:USC00327027,PETERSBURG 2 N ND US,466.3,48.0355,-98.01,20100813,552,116
798,GHCND:USC00327027,PETERSBURG 2 N ND US,466.3,48.0355,-98.01,20100814,550,125
796,GHCND:USC00327027,PETERSBURG 2 N ND US,466.3,48.0355,-98.01,20100815,548,134
795,GHCND:USC00327027,PETERSBURG 2 N ND US,466.3,48.0355,-98.01,20100816,546,143
793,GHCND:USC00327027,PETERSBURG 2 N ND US,466.3,48.0355,-98.01,20100817,544,152
791,GHCND:USC00327027,PETERSBURG 2 N ND US,466.3,48.0355,-98.01,20100818,542,161
789,GHCND:USC00327027,PETERSBURG 2 N ND US,466.3,48.0355,-98.01,20100819,540,170
787,GHCND:USC00327027,PETERSBURG 2 N ND US,466.3,48.0355,-98.01,20100820,538,179
784,GHCND:USC00327027,PETERSBURG 2 N ND US,466.3,48.0355,-98.01,20100821,535,188
782,GHCND:USC00327027,PETERSBURG 2 N ND US,466.3,48.0355,-98.01,20100822,533,197
779,GHCND:USC00327027,PETERSBURG 2 N ND US,466.3,48.0355,-98.01,20100823,530,206
777,GHCND:USC00327027,PETERSBURG 2 N ND US,466.3,48.0355,-98.01,20100824,527,216
774,GHCND:USC00327027,PETERSBURG 2 N ND US,466.3,48.0355,-98.01,20100825,524,225
770,GHCND:USC00327027,PETERSBURG 2 N ND US,466.3,48.0355,-98.01,20100826,521,234
767,GHCND:USC00327027,PETERSBURG 2 N ND US,466.3,48.0355,-98.01,20100827,518,242
764,GHCND:USC00327027,PETERSBURG 2 N ND US,466.3,48.0355,-98.01,20100828,515,250
760,GHCND:USC00327027,PETERSBURG 2 N ND US,466.3,48.0355,-98.01,20100829,511,259
757,GHCND:USC00327027,PETERSBURG 2 N ND US,466.3,48.0355,-98.01,20100830,508,267
753,GHCND:USC00327027,PETERSBURG 2 N ND US,466.3,48.0355,-98.01,20100831,504,275
749,GHCND:USC00327027,PETERSBURG 2 N ND US,466.3,48.0355,-98.01,20100901,501,8
745,GHCND:USC00327027,PETERSBURG 2 N ND US,466.3,48.0355,-98.01,20100902,497,16
741,GHCND:USC00327027,PETERSBURG 2 N ND US,466.3,48.0355,-98.01,20100903,493,23
737,GHCND:USC00327027,PETERSBURG 2 N ND US,466.3,48.0355,-98.01,20100904,489,31
733,GHCND:USC00327027,PETERSBURG 2 N ND US,466.3,48.0355,-98.01,20100905,485,39
729,GHCND:USC00327027,PETERSBURG 2 N ND US,466.3,48.0355,-98.01,20100906,481,46
725,GHCND:USC00327027,PETERSBURG 2 N ND US,466.3,48.0355,-98.01,20100907,476,54
720,GHCND:USC00327027,PETERSBURG 2 N ND US,466.3,48.0355,-98.01,20100908,472,61
716,GHCND:USC00327027,PETERSBURG 2 N ND US,466.3,48.0355,-98.01,20100909,468,68
711,GHCND:USC00327027,PETERSBURG 2 N ND US,466.3,48.0355,-98.01,20100910,463,75
707,GHCND:USC00327027,PETERSBURG 2 N ND US,466.3,48.0355,-98.01,20100911,459,82
702,GHCND:USC00327027,PETERSBURG 2 N ND US,466.3,48.0355,-98.01,20100912,454,89
697,GHCND:USC00327027,PETERSBURG 2 N ND US,466.3,48.0355,-98.01,20100913,450,96
693,GHCND:USC00327027,PETERSBURG 2 N ND US,466.3,48.0355,-98.01,20100914,445,103
688,GHCND:USC00327027,PETERSBURG 2 N ND US,466.3,48.0355,-98.01,20100915,441,109
684,GHCND:USC00327027,PETERSBURG 2 N ND US,466.3,48.0355,-98.01,20100916,436,116
679,GHCND:USC00327027,PETERSBURG 2 N ND US,466.3,48.0355,-98.01,20100917,431,122
674,GHCND:USC00327027,PETERSBURG 2 N ND US,466.3,48.0355,-98.01,20100918,427,129
669,GHCND:USC00327027,PETERSBURG 2 N ND US,466.3,48.0355,-98.01,20100919,422,135
665,GHCND:USC00327027,PETERSBURG 2 N ND US,466.3,48.0355,-98.01,20100920,418,142
660,GHCND:USC00327027,PETERSBURG 2 N ND US,466.3,48.0355,-98.01,20100921,413,148
655,GHCND:USC00327027,PETERSBURG 2 N ND US,466.3,48.0355,-98.01,20100922,409,154
650,GHCND:USC00327027,PETERSBURG 2 N ND US,466.3,48.0355,-98.01,20100923,404,161
646,GHCND:USC00327027,PETERSBURG 2 N ND US,466.3,48.0355,-98.01,20100924,400,168
641,GHCND:USC00327027,PETERSBURG 2 N ND US,466.3,48.0355,-98.01,20100925,395,174
636,GHCND:USC00327027,PETERSBURG 2 N ND US,466.3,48.0355,-98.01,20100926,391,181
631,GHCND:USC00327027,PETERSBURG 2 N ND US,466.3,48.0355,-98.01,20100927,387,188
627,GHCND:USC00327027,PETERSBURG 2 N ND US,466.3,48.0355,-98.01,20100928,382,195
622,GHCND:USC00327027,PETERSBURG 2 N ND US,466.3,48.0355,-98.01,20100929,378,202
617,GHCND:USC00327027,PETERSBURG 2 N ND US,466.3,48.0355,-98.01,20100930,374,208
612,GHCND:USC00327027,PETERSBURG 2 N ND US,466.3,48.0355,-98.01,20101001,370,7
607,GHCND:USC00327027,PETERSBURG 2 N ND US,466.3,48.0355,-98.01,20101002,366,13
602,GHCND:USC00327027,PETERSBURG 2 N ND US,466.3,48.0355,-98.01,20101003,361,20
597,GHCND:USC00327027,PETERSBURG 2 N ND US,466.3,48.0355,-98.01,20101004,357,27
592,GHCND:USC00327027,PETERSBURG 2 N ND US,466.3,48.0355,-98.01,20101005,353,33
587,GHCND:USC00327027,PETERSBURG 2 N ND US,466.3,48.0355,-98.01,20101006,349,40
582,GHCND:USC00327027,PETERSBURG 2 N ND US,466.3,48.0355,-98.01,20101007,346,46
577,GHCND:USC00327027,PETERSBURG 2 N ND US,466.3,48.0355,-98.01,20101008,342,53
572,GHCND:USC00327027,PETERSBURG 2 N ND US,466.3,48.0355,-98.01,20101009,338,58
567,GHCND:USC00327027,PETERSBURG 2 N ND US,466.3,48.0355,-98.01,20101010,334,64
562,GHCND:USC00327027,PETERSBURG 2 N ND US,466.3,48.0355,-98.01,20101011,330,70
556,GHCND:USC00327027,PETERSBURG 2 N ND US,466.3,48.0355,-98.01,20101012,326,76
551,GHCND:USC00327027,PETERSBURG 2 N ND US,466.3,48.0355,-98.01,20101013,322,82
545,GHCND:USC00327027,PETERSBURG 2 N ND US,466.3,48.0355,-98.01,20101014,318,88
540,GHCND:USC00327027,PETERSBURG 2 N ND US,466.3,48.0355,-98.01,20101015,315,94
534,GHCND:USC00327027,PETERSBURG 2 N ND US,466.3,48.0355,-98.01,20101016,311,100
528,GHCND:USC00327027,PETERSBURG 2 N ND US,466.3,48.0355,-98.01,20101017,307,106
522,GHCND:USC00327027,PETERSBURG 2 N ND US,466.3,48.0355,-98.01,20101018,303,112
516,GHCND:USC00327027,PETERSBURG 2 N ND US,466.3,48.0355,-98.01,20101019,299,117
511,GHCND:USC00327027,PETERSBURG 2 N ND US,466.3,48.0355,-98.01,20101020,295,123
504,GHCND:USC00327027,PETERSBURG 2 N ND US,466.3,48.0355,-98.01,20101021,291,128
498,GHCND:USC00327027,PETERSBURG 2 N ND US,466.3,48.0355,-98.01,20101022,287,133
492,GHCND:USC00327027,PETERSBURG 2 N ND US,466.3,48.0355,-98.01,20101023,283,137
486,GHCND:USC00327027,PETERSBURG 2 N ND US,466.3,48.0355,-98.01,20101024,279,141
479,GHCND:USC00327027,PETERSBURG 2 N ND US,466.3,48.0355,-98.01,20101025,274,145
473,GHCND:USC00327027,PETERSBURG 2 N ND US,466.3,48.0355,-98.01,20101026,270,149
466,GHCND:USC00327027,PETERSBURG 2 N ND US,466.3,48.0355,-98.01,20101027,266,154
460,GHCND:USC00327027,PETERSBURG 2 N ND US,466.3,48.0355,-98.01,20101028,261,158
453,GHCND:USC00327027,PETERSBURG 2 N ND US,466.3,48.0355,-98.01,20101029,257,161
447,GHCND:USC00327027,PETERSBURG 2 N ND US,466.3,48.0355,-98.01,20101030,252,165
440,GHCND:USC00327027,PETERSBURG 2 N ND US,466.3,48.0355,-98.01,20101031,248,169
433,GHCND:USC00327027,PETERSBURG 2 N ND US,466.3,48.0355,-98.01,20101101,243,3
426,GHCND:USC00327027,PETERSBURG 2 N ND US,466.3,48.0355,-98.01,20101102,238,6
419,GHCND:USC00327027,PETERSBURG 2 N ND US,466.3,48.0355,-98.01,20101103,233,9
413,GHCND:USC00327027,PETERSBURG 2 N ND US,466.3,48.0355,-98.01,20101104,228,12
406,GHCND:USC00327027,PETERSBURG 2 N ND US,466.3,48.0355,-98.01,20101105,223,15
399,GHCND:USC00327027,PETERSBURG 2 N ND US,466.3,48.0355,-98.01,20101106,218,18
392,GHCND:USC00327027,PETERSBURG 2 N ND US,466.3,48.0355,-98.01,20101107,213,21
385,GHCND:USC00327027,PETERSBURG 2 N ND US,466.3,48.0355,-98.01,20101108,207,24
378,GHCND:USC00327027,PETERSBURG 2 N ND US,466.3,48.0355,-98.01,20101109,202,27
371,GHCND:USC00327027,PETERSBURG 2 N ND US,466.3,48.0355,-98.01,20101110,197,30
365,GHCND:USC00327027,PETERSBURG 2 N ND US,466.3,48.0355,-98.01,20101111,191,32
358,GHCND:USC00327027,PETERSBURG 2 N ND US,466.3,48.0355,-98.01,20101112,186,35
351,GHCND:USC00327027,PETERSBURG 2 N ND US,466.3,48.0355,-98.01,20101113,180,38
344,GHCND:USC00327027,PETERSBURG 2 N ND US,466.3,48.0355,-98.01,20101114,175,41
338,GHCND:USC00327027,PETERSBURG 2 N ND US,466.3,48.0355,-98.01,20101115,169,43
331,GHCND:USC00327027,PETERSBURG 2 N ND US,466.3,48.0355,-98.01,20101116,163,46
325,GHCND:USC00327027,PETERSBURG 2 N ND US,466.3,48.0355,-98.01,20101117,157,49
318,GHCND:USC00327027,PETERSBURG 2 N ND US,466.3,48.0355,-98.01,20101118,152,51
312,GHCND:USC00327027,PETERSBURG 2 N ND US,466.3,48.0355,-98.01,20101119,146,54
306,GHCND:USC00327027,PETERSBURG 2 N ND US,466.3,48.0355,-98.01,20101120,140,57
300,GHCND:USC00327027,PETERSBURG 2 N ND US,466.3,48.0355,-98.01,20101121,134,60
294,GHCND:USC00327027,PETERSBURG 2 N ND US,466.3,48.0355,-98.01,20101122,129,62
288,GHCND:USC00327027,PETERSBURG 2 N ND US,466.3,48.0355,-98.01,20101123,123,65
282,GHCND:USC00327027,PETERSBURG 2 N ND US,466.3,48.0355,-98.01,20101124,117,67
276,GHCND:USC00327027,PETERSBURG 2 N ND US,466.3,48.0355,-98.01,20101125,112,70
271,GHCND:USC00327027,PETERSBURG 2 N ND US,466.3,48.0355,-98.01,20101126,106,72
265,GHCND:USC00327027,PETERSBURG 2 N ND US,466.3,48.0355,-98.01,20101127,100,74
260,GHCND:USC00327027,PETERSBURG 2 N ND US,466.3,48.0355,-98.01,20101128,95,77
254,GHCND:USC00327027,PETERSBURG 2 N ND US,466.3,48.0355,-98.01,20101129,89,79
249,GHCND:USC00327027,PETERSBURG 2 N ND US,466.3,48.0355,-98.01,20101130,84,81
244,GHCND:USC00327027,PETERSBURG 2 N ND US,466.3,48.0355,-98.01,20101201,78,3
239,GHCND:USC00327027,PETERSBURG 2 N ND US,466.3,48.0355,-98.01,20101202,73,5
234,GHCND:USC00327027,PETERSBURG 2 N ND US,466.3,48.0355,-98.01,20101203,68,8
230,GHCND:USC00327027,PETERSBURG 2 N ND US,466.3,48.0355,-98.01,20101204,63,11
225,GHCND:USC00327027,PETERSBURG 2 N ND US,466.3,48.0355,-98.01,20101205,58,13
221,GHCND:USC00327027,PETERSBURG 2 N ND US,466.3,48.0355,-98.01,20101206,53,16
216,GHCND:USC00327027,PETERSBURG 2 N ND US,466.3,48.0355,-98.01,20101207,48,19
212,GHCND:USC00327027,PETERSBURG 2 N ND US,466.3,48.0355,-98.01,20101208,44,22
208,GHCND:USC00327027,PETERSBURG 2 N ND US,466.3,48.0355,-98.01,20101209,39,24
204,GHCND:USC00327027,PETERSBURG 2 N ND US,466.3,48.0355,-98.01,20101210,34,27
200,GHCND:USC00327027,PETERSBURG 2 N ND US,466.3,48.0355,-98.01,20101211,30,30
196,GHCND:USC00327027,PETERSBURG 2 N ND US,466.3,48.0355,-98.01,20101212,26,32
193,GHCND:USC00327027,PETERSBURG 2 N ND US,466.3,48.0355,-98.01,20101213,22,35
189,GHCND:USC00327027,PETERSBURG 2 N ND US,466.3,48.0355,-98.01,20101214,18,37
186,GHCND:USC00327027,PETERSBURG 2 N ND US,466.3,48.0355,-98.01,20101215,14,39
182,GHCND:USC00327027,PETERSBURG 2 N ND US,466.3,48.0355,-98.01,20101216,10,41
179,GHCND:USC00327027,PETERSBURG 2 N ND US,466.3,48.0355,-98.01,20101217,7,44
176,GHCND:USC00327027,PETERSBURG 2 N ND US,466.3,48.0355,-98.01,20101218,3,46
173,GHCND:USC00327027,PETERSBURG 2 N ND US,466.3,48.0355,-98.01,20101219,0,48
170,GHCND:USC00327027,PETERSBURG 2 N ND US,466.3,48.0355,-98.01,20101220,-4,50
168,GHCND:USC00327027,PETERSBURG 2 N ND US,466.3,48.0355,-98.01,20101221,-7,52
165,GHCND:USC00327027,PETERSBURG 2 N ND US,466.3,48.0355,-98.01,20101222,-10,53
162,GHCND:USC00327027,PETERSBURG 2 N ND US,466.3,48.0355,-98.01,20101223,-13,55
160,GHCND:USC00327027,PETERSBURG 2 N ND US,466.3,48.0355,-98.01,20101224,-15,58
158,GHCND:USC00327027,PETERSBURG 2 N ND US,466.3,48.0355,-98.01,20101225,-18,60
156,GHCND:USC00327027,PETERSBURG 2 N ND US,466.3,48.0355,-98.01,20101226,-21,62
154,GHCND:USC00327027,PETERSBURG 2 N ND US,466.3,48.0355,-98.01,20101227,-23,64
152,GHCND:USC00327027,PETERSBURG 2 N ND US,466.3,48.0355,-98.01,20101228,-25,67
150,GHCND:USC00327027,PETERSBURG 2 N ND US,466.3,48.0355,-98.01,20101229,-27,69
148,GHCND:USC00327027,PETERSBURG 2 N ND US,466.3,48.0355,-98.01,20101230,-29,71
147,GHCND:USC00327027,PETERSBURG 2 N ND US,466.3,48.0355,-98.01,20101231,-31,73
